{
  "canisters": {
    "drama": {
      "main": "src/drama/main.mo",
      "type": "motoko"
    },
    "drama_assets": {
      "dependencies": [
        "drama"
      ],
      "frontend": {
        "entrypoint": "src/drama_assets/src/index.html"
      },
      "source": [
        "src/drama_assets/assets",
        "dist/drama_assets/"
      ],
      "type": "assets"
    }
  },
  "defaults": {
    "build": {
      "args": "",
      "packtool": ""
    }
  },
  "dfx": "0.8.4",
  "networks": {
    "local": {
      "bind": "127.0.0.1:8000",
      "type": "ephemeral"
    }
  },
  "version": 1
}